age_group_id,age_weight
2,0.000356672
3,0.00106231
4,0.0168783
5,0.0718228
6,0.0869281
7,0.083952
8,0.0809838
9,0.0781448
10,0.0755983
11,0.0724852
12,0.0685588
13,0.0638423
14,0.0584908
15,0.0527098
16,0.0467802
17,0.0405754
18,0.0335907
19,0.0262927
20,0.0189668
30,0.0121348
31,0.00644468
32,0.00257602
